Title,Total_Compensation,Per_Item_Benefit,Performance_metrics
Sales Associate 1,44148.245,669.5655199103728,243.4576616745183
Sales Associate 2,56793.76102941176,1555.7329555506415,704.327140873038
Sales Associate 3,77492.28571428571,2534.7874305555556,416.4293324268925
Sales Manager,100599.5,2805.8547619047617,2146.225595238095
